,Date,Open,High,Low,Close,Adj Close,Volume
0,2022-01-03T00:00:00.000,382.5833435058594,400.3566589355469,378.67999267578125,399.9266662597656,399.9266662597656,103931400
1,2022-01-04T00:00:00.000,396.51666259765625,402.6666564941406,374.3500061035156,383.1966552734375,383.1966552734375,100248300
2,2022-01-05T00:00:00.000,382.2166748046875,390.11334228515625,360.336669921875,362.7066650390625,362.7066650390625,80119800
3,2022-01-06T00:00:00.000,359,362.6666564941406,340.1666564941406,354.8999938964844,354.8999938964844,90336600
4,2022-01-07T00:00:00.000,360.1233215332031,360.30999755859375,336.6666564941406,342.32000732421875,342.32000732421875,84164700
5,2022-01-10T00:00:00.000,333.3333435058594,353.0333251953125,326.6666564941406,352.7066650390625,352.7066650390625,91815000
6,2022-01-11T00:00:00.000,351.22332763671875,358.6166687011719,346.2733459472656,354.79998779296875,354.79998779296875,66063300
7,2022-01-12T00:00:00.000,359.6166687011719,371.61334228515625,357.5299987792969,368.739990234375,368.739990234375,83739000
8,2022-01-13T00:00:00.000,369.69000244140625,371.8666687011719,342.17999267578125,343.85333251953125,343.85333251953125,97209900
9,2022-01-14T00:00:00.000,339.9599914550781,350.6666564941406,337.7933349609375,349.8699951171875,349.8699951171875,72924300
10,2022-01-18T00:00:00.000,342.2033386230469,356.92999267578125,338.6866760253906,343.5033264160156,343.5033264160156,66743400
11,2022-01-19T00:00:00.000,347.2366638183594,351.5566711425781,331.6666564941406,331.8833312988281,331.8833312988281,75442500
12,2022-01-20T00:00:00.000,336.57666015625,347.2200012207031,331.3333435058594,332.0899963378906,332.0899963378906,70488600
13,2022-01-21T00:00:00.000,332.11334228515625,334.8500061035156,313.5,314.6333312988281,314.6333312988281,103416000
14,2022-01-24T00:00:00.000,301.586669921875,311.1700134277344,283.8233337402344,310,310,151565700
15,2022-01-25T00:00:00.000,304.73333740234375,317.086669921875,301.07000732421875,306.1333312988281,306.1333312988281,86595900
16,2022-01-26T00:00:00.000,317.4766540527344,329.2300109863281,302,312.4700012207031,312.4700012207031,104867400
17,2022-01-27T00:00:00.000,311.1199951171875,311.7966613769531,276.3333435058594,276.3666687011719,276.3666687011719,147109500
18,2022-01-28T00:00:00.000,277.1866760253906,285.8333435058594,264.0033264160156,282.1166687011719,282.1166687011719,134789100
19,2022-01-31T00:00:00.000,290.9033203125,312.663330078125,287.3500061035156,312.239990234375,312.239990234375,104436000
20,2022-02-01T00:00:00.000,311.7366638183594,314.5666809082031,301.6666564941406,310.4166564941406,310.4166564941406,73138200
21,2022-02-02T00:00:00.000,309.3933410644531,310.5,296.4700012207031,301.88665771484375,301.88665771484375,66792900
22,2022-02-03T00:00:00.000,294,312.3333435058594,293.50665283203125,297.0466613769531,297.0466613769531,78855600
23,2022-02-04T00:00:00.000,299.0733337402344,312.1666564941406,293.72332763671875,307.7733459472656,307.7733459472656,73625400
24,2022-02-07T00:00:00.000,307.92999267578125,315.92333984375,300.9033203125,302.4466552734375,302.4466552734375,60994500
25,2022-02-08T00:00:00.000,301.84332275390625,308.7633361816406,298.26666259765625,307.3333435058594,307.3333435058594,50729100
26,2022-02-09T00:00:00.000,311.6666564941406,315.42333984375,306.6666564941406,310.6666564941406,310.6666564941406,52259400
27,2022-02-10T00:00:00.000,302.7900085449219,314.60333251953125,298.8999938964844,301.51666259765625,301.51666259765625,66126900
28,2022-02-11T00:00:00.000,303.2099914550781,305.32000732421875,283.5666809082031,286.6666564941406,286.6666564941406,79645800
29,2022-02-14T00:00:00.000,287.19000244140625,299.6266784667969,284.3833312988281,291.9200134277344,291.9200134277344,67756500
30,2022-02-15T00:00:00.000,300,307.6666564941406,297.7933349609375,307.4766540527344,307.4766540527344,57286200
31,2022-02-16T00:00:00.000,304.6833190917969,308.80999755859375,300.4033203125,307.7966613769531,307.7966613769531,51294300
32,2022-02-17T00:00:00.000,304.4200134277344,306.1666564941406,291.3666687011719,292.1166687011719,292.1166687011719,55178400
33,2022-02-18T00:00:00.000,295.3333435058594,295.6233215332031,279.2033386230469,285.6600036621094,285.6600036621094,68501700
34,2022-02-22T00:00:00.000,278.0433349609375,285.57666015625,267.0333251953125,273.84332275390625,273.84332275390625,83288100
35,2022-02-23T00:00:00.000,276.80999755859375,278.4333190917969,253.52000427246094,254.67999267578125,254.67999267578125,95256900
36,2022-02-24T00:00:00.000,233.4633331298828,267.49334716796875,233.3333282470703,266.92333984375,266.92333984375,135322200
37,2022-02-25T00:00:00.000,269.74334716796875,273.1666564941406,260.79998779296875,269.9566650390625,269.9566650390625,76067700
38,2022-02-28T00:00:00.000,271.6700134277344,292.28668212890625,271.57000732421875,290.1433410644531,290.1433410644531,99006900
39,2022-03-01T00:00:00.000,289.8933410644531,296.6266784667969,284.59332275390625,288.1233215332031,288.1233215332031,74766900
40,2022-03-02T00:00:00.000,290.7099914550781,295.49334716796875,281.42333984375,293.2966613769531,293.2966613769531,74643300
41,2022-03-03T00:00:00.000,292.92333984375,295.4800109863281,277.5333251953125,279.7633361816406,279.7633361816406,61623600
42,2022-03-04T00:00:00.000,283.0333251953125,285.2166748046875,275.0533447265625,279.42999267578125,279.42999267578125,66999600
43,2022-03-07T00:00:00.000,285.4333190917969,288.71331787109375,268.19000244140625,268.1933288574219,268.1933288574219,72494100
44,2022-03-08T00:00:00.000,265.1766662597656,283.3299865722656,260.72332763671875,274.79998779296875,274.79998779296875,80399100
45,2022-03-09T00:00:00.000,279.82666015625,286.85333251953125,277.336669921875,286.3233337402344,286.3233337402344,59184000
46,2022-03-10T00:00:00.000,283.8166809082031,284.8166809082031,270.1199951171875,279.4333190917969,279.4333190917969,58648500
47,2022-03-11T00:00:00.000,280.0666809082031,281.26666259765625,264.5899963378906,265.1166687011719,265.1166687011719,67037100
48,2022-03-14T00:00:00.000,260.2033386230469,266.8999938964844,252.01333618164062,255.4566650390625,255.4566650390625,71152200
49,2022-03-15T00:00:00.000,258.42333984375,268.5233459472656,252.19000244140625,267.2966613769531,267.2966613769531,66841200
50,2022-03-16T00:00:00.000,269.6666564941406,280.6666564941406,267.4200134277344,280.07666015625,280.07666015625,84028800
51,2022-03-17T00:00:00.000,276.9966735839844,291.6666564941406,275.239990234375,290.5333251953125,290.5333251953125,66582900
52,2022-03-18T00:00:00.000,291.4966735839844,302.6166687011719,289.1300048828125,301.7966613769531,301.7966613769531,100414200
53,2022-03-21T00:00:00.000,304.99334716796875,314.2833251953125,302.36334228515625,307.0533447265625,307.0533447265625,81981600
54,2022-03-22T00:00:00.000,310,332.6199951171875,307.25,331.32666015625,331.32666015625,105868500
55,2022-03-23T00:00:00.000,326.64666748046875,346.8999938964844,325.4666748046875,333.03668212890625,333.03668212890625,120676200
56,2022-03-24T00:00:00.000,336.57666015625,341.4966735839844,329.6000061035156,337.97332763671875,337.97332763671875,68920800
57,2022-03-25T00:00:00.000,336,340.6000061035156,332.44000244140625,336.8800048828125,336.8800048828125,62031600
58,2022-03-28T00:00:00.000,355.0333251953125,365.9599914550781,351.20001220703125,363.9466552734375,363.9466552734375,102506100
59,2022-03-29T00:00:00.000,369.3299865722656,371.5899963378906,357.7033386230469,366.5233459472656,366.5233459472656,73614900
60,2022-03-30T00:00:00.000,363.72332763671875,371.3166809082031,361.3333435058594,364.663330078125,364.663330078125,59865000
61,2022-03-31T00:00:00.000,364.8566589355469,367.71331787109375,358.8800048828125,359.20001220703125,359.20001220703125,48992700
62,2022-04-01T00:00:00.000,360.3833312988281,364.9166564941406,355.5466613769531,361.5299987792969,361.5299987792969,54263100
63,2022-04-04T00:00:00.000,363.1266784667969,383.3033447265625,357.510009765625,381.8166809082031,381.8166809082031,82035900
64,2022-04-05T00:00:00.000,378.76666259765625,384.2900085449219,362.4333190917969,363.7533264160156,363.7533264160156,80075100
65,2022-04-06T00:00:00.000,357.8233337402344,359.6666564941406,342.5666809082031,348.586669921875,348.586669921875,89348400
66,2022-04-07T00:00:00.000,350.7966613769531,358.86334228515625,340.5133361816406,352.4200134277344,352.4200134277344,79447200
67,2022-04-08T00:00:00.000,347.7366638183594,349.4800109863281,340.8133239746094,341.8299865722656,341.8299865722656,55013700
68,2022-04-11T00:00:00.000,326.79998779296875,336.15667724609375,324.8800048828125,325.30999755859375,325.30999755859375,59357100
69,2022-04-12T00:00:00.000,332.5466613769531,340.39666748046875,325.5333251953125,328.98333740234375,328.98333740234375,65976000
70,2022-04-13T00:00:00.000,327.02667236328125,342.0799865722656,324.3666687011719,340.7900085449219,340.7900085449219,55121100
71,2022-04-14T00:00:00.000,333.0966796875,337.57000732421875,327.39666748046875,328.3333435058594,328.3333435058594,58422300
72,2022-04-18T00:00:00.000,329.6766662597656,338.3066711425781,324.4700012207031,334.7633361816406,334.7633361816406,51715200
73,2022-04-19T00:00:00.000,335.0199890136719,344.9800109863281,331.77667236328125,342.7166748046875,342.7166748046875,49847700
74,2022-04-20T00:00:00.000,343.3333435058594,344.6666564941406,325.0833435058594,325.73333740234375,325.73333740234375,70711200
75,2022-04-21T00:00:00.000,358.24334716796875,364.0733337402344,332.1400146484375,336.260009765625,336.260009765625,105416400
76,2022-04-22T00:00:00.000,338.3033447265625,344.95001220703125,331.3333435058594,335.01666259765625,335.01666259765625,69696600
77,2022-04-25T00:00:00.000,326.3233337402344,336.2066650390625,325.1000061035156,332.67333984375,332.67333984375,68341200
78,2022-04-26T00:00:00.000,331.80999755859375,333.3333435058594,291.6666564941406,292.1400146484375,292.1400146484375,136133700
79,2022-04-27T00:00:00.000,299.52667236328125,306,292.4533386230469,293.836669921875,293.836669921875,76956300
80,2022-04-28T00:00:00.000,299.99334716796875,300,273.8999938964844,292.5033264160156,292.5033264160156,124948500
81,2022-04-29T00:00:00.000,300.75,311.4666748046875,290,290.2533264160156,290.2533264160156,88133100
82,2022-05-02T00:00:00.000,286.92333984375,302.1199951171875,282.6766662597656,300.9800109863281,300.9800109863281,75781500
83,2022-05-03T00:00:00.000,301.05999755859375,308.02667236328125,296.1966552734375,303.0833435058594,303.0833435058594,63709500
84,2022-05-04T00:00:00.000,301.3133239746094,318.5,295.09332275390625,317.5400085449219,317.5400085449219,81643800
85,2022-05-05T00:00:00.000,313.00665283203125,315.20001220703125,285.8999938964844,291.09332275390625,291.09332275390625,92519100
86,2022-05-06T00:00:00.000,295.6666564941406,296,281.03668212890625,288.54998779296875,288.54998779296875,72903000
87,2022-05-09T00:00:00.000,278.8166809082031,281.8766784667969,260.3833312988281,262.3699951171875,262.3699951171875,90810300
88,2022-05-10T00:00:00.000,273.10333251953125,275.1199951171875,258.0833435058594,266.67999267578125,266.67999267578125,84401700
89,2022-05-11T00:00:00.000,265,269.92333984375,242.39999389648438,244.6666717529297,244.6666717529297,97224600
90,2022-05-12T00:00:00.000,233.6666717529297,253.22000122070312,226.6666717529297,242.6666717529297,242.6666717529297,140313000
91,2022-05-13T00:00:00.000,257.82666015625,262.45001220703125,250.52333068847656,256.5299987792969,256.5299987792969,92150700
92,2022-05-16T00:00:00.000,255.72000122070312,256.586669921875,239.69667053222656,241.4566650390625,241.4566650390625,86098500
93,2022-05-17T00:00:00.000,249.1199951171875,254.82666015625,242.9499969482422,253.8699951171875,253.8699951171875,80236200
94,2022-05-18T00:00:00.000,248.17333984375,253.5,233.60333251953125,236.60333251953125,236.60333251953125,87811800
95,2022-05-19T00:00:00.000,235.6666717529297,244.6666717529297,231.3699951171875,236.47332763671875,236.47332763671875,90296700
96,2022-05-20T00:00:00.000,237.99667358398438,240.52667236328125,211,221.3000030517578,221.3000030517578,144973200
97,2022-05-23T00:00:00.000,218.33999633789062,226.65333557128906,212.68666076660156,224.96665954589844,224.96665954589844,88903500
98,2022-05-24T00:00:00.000,217.8433380126953,217.97332763671875,206.85667419433594,209.3866729736328,209.3866729736328,89092500
99,2022-05-25T00:00:00.000,207.9499969482422,223.10667419433594,207.6699981689453,219.60000610351562,219.60000610351562,92139300
100,2022-05-26T00:00:00.000,220.47332763671875,239.55667114257812,217.8866729736328,235.91000366210938,235.91000366210938,106003200
101,2022-05-27T00:00:00.000,241.0833282470703,253.26666259765625,240.17666625976562,253.2100067138672,253.2100067138672,89295000
102,2022-05-31T00:00:00.000,257.9466552734375,259.6000061035156,244.7433319091797,252.75332641601562,252.75332641601562,101914500
103,2022-06-01T00:00:00.000,251.72000122070312,257.32666015625,243.63999938964844,246.7899932861328,246.7899932861328,77247900
104,2022-06-02T00:00:00.000,244.1566619873047,264.2099914550781,242.06666564941406,258.3333435058594,258.3333435058594,93473100
105,2022-06-03T00:00:00.000,243.22666931152344,247.79666137695312,233.4166717529297,234.51666259765625,234.51666259765625,112393800
106,2022-06-06T00:00:00.000,244.35333251953125,244.86666870117188,234.35000610351562,238.27999877929688,238.27999877929688,84204600
107,2022-06-07T00:00:00.000,234,239.99667358398438,230.0933380126953,238.8866729736328,238.8866729736328,72808500
108,2022-06-08T00:00:00.000,240.086669921875,249.9633331298828,239.17666625976562,241.86666870117188,241.86666870117188,76210500
109,2022-06-09T00:00:00.000,249.33999633789062,255.54666137695312,239.32666015625,239.7066650390625,239.7066650390625,96491400
110,2022-06-10T00:00:00.000,235.1566619873047,239.5,227.913330078125,232.22999572753906,232.22999572753906,97536600
111,2022-06-13T00:00:00.000,223.1666717529297,226.63333129882812,214.68333435058594,215.73666381835938,215.73666381835938,102767400
112,2022-06-14T00:00:00.000,218.2866668701172,226.3300018310547,211.73666381835938,220.88999938964844,220.88999938964844,97988700
113,2022-06-15T00:00:00.000,220.9166717529297,235.663330078125,218.14999389648438,233,233,119131800
114,2022-06-16T00:00:00.000,222.73666381835938,225.1666717529297,208.69332885742188,213.10000610351562,213.10000610351562,107390700
115,2022-06-17T00:00:00.000,213.43333435058594,220.97000122070312,213.19667053222656,216.75999450683594,216.75999450683594,92641800
116,2022-06-21T00:00:00.000,224.60333251953125,243.57666015625,224.3333282470703,237.0366668701172,237.0366668701172,122793000
117,2022-06-22T00:00:00.000,234.50332641601562,246.8333282470703,233.82666015625,236.086669921875,236.086669921875,101107500
118,2022-06-23T00:00:00.000,237.9066619873047,239.31666564941406,228.6366729736328,235.07000732421875,235.07000732421875,104202600
119,2022-06-24T00:00:00.000,237.47000122070312,246.06666564941406,236.086669921875,245.7066650390625,245.7066650390625,95770800
120,2022-06-27T00:00:00.000,249.36666870117188,252.07000732421875,242.56666564941406,244.9199981689453,244.9199981689453,89178300
121,2022-06-28T00:00:00.000,244.48333740234375,249.97000122070312,232.3433380126953,232.663330078125,232.663330078125,90391200
122,2022-06-29T00:00:00.000,230.5,231.17333984375,222.27333068847656,228.49000549316406,228.49000549316406,82897200
123,2022-06-30T00:00:00.000,224.50999450683594,229.4566650390625,218.8633270263672,224.47332763671875,224.47332763671875,94600500
124,2022-07-01T00:00:00.000,227,230.22999572753906,222.1199951171875,227.26333618164062,227.26333618164062,74460300
125,2022-07-05T00:00:00.000,223,233.14666748046875,216.1666717529297,233.06666564941406,233.06666564941406,84581100
126,2022-07-06T00:00:00.000,230.77999877929688,234.56333923339844,227.18666076660156,231.73333740234375,231.73333740234375,71853600
127,2022-07-07T00:00:00.000,233.9199981689453,245.3633270263672,232.2100067138672,244.5433349609375,244.5433349609375,81930600
128,2022-07-08T00:00:00.000,242.3333282470703,254.97999572753906,241.16000366210938,250.76333618164062,250.76333618164062,101854200
129,2022-07-11T00:00:00.000,252.10333251953125,253.06333923339844,233.6266632080078,234.3433380126953,234.3433380126953,99241200
130,2022-07-12T00:00:00.000,236.84666442871094,239.77333068847656,228.3699951171875,233.07000732421875,233.07000732421875,87930900
131,2022-07-13T00:00:00.000,225.5,242.05999755859375,225.03334045410156,237.0399932861328,237.0399932861328,97954500
132,2022-07-14T00:00:00.000,234.89666748046875,238.65333557128906,229.3333282470703,238.31333923339844,238.31333923339844,78557400
133,2022-07-15T00:00:00.000,240,243.6233367919922,236.88999938964844,240.06666564941406,240.06666564941406,69683100
134,2022-07-18T00:00:00.000,244.93666076660156,250.51666259765625,239.60333251953125,240.54666137695312,240.54666137695312,82537500
135,2022-07-19T00:00:00.000,245,247.13999938964844,236.97666931152344,245.52999877929688,245.52999877929688,80890200
136,2022-07-20T00:00:00.000,246.78334045410156,250.663330078125,243.48333740234375,247.5,247.5,88864200
137,2022-07-21T00:00:00.000,255.10667419433594,273.26666259765625,254.86666870117188,271.7066650390625,271.7066650390625,142032300
138,2022-07-22T00:00:00.000,276.2200012207031,280.78668212890625,270.71331787109375,272.24334716796875,272.24334716796875,103472700
139,2022-07-25T00:00:00.000,272.2166748046875,274.14666748046875,267.3999938964844,268.4333190917969,268.4333190917969,64073400
140,2022-07-26T00:00:00.000,266.5133361816406,267.30999755859375,256.2633361816406,258.8599853515625,258.8599853515625,66820800
141,2022-07-27T00:00:00.000,263.80999755859375,275.9266662597656,261.7900085449219,274.82000732421875,274.82000732421875,88110000
142,2022-07-28T00:00:00.000,280.0666809082031,283.29998779296875,272.79998779296875,280.8999938964844,280.8999938964844,84723000
143,2022-07-29T00:00:00.000,280.70001220703125,298.32000732421875,279.1000061035156,297.1499938964844,297.1499938964844,95313000
144,2022-08-01T00:00:00.000,301.27667236328125,311.8766784667969,295,297.27667236328125,297.27667236328125,117042900
145,2022-08-02T00:00:00.000,294.0033264160156,307.8333435058594,292.6666564941406,300.586669921875,300.586669921875,95577600
146,2022-08-03T00:00:00.000,305,309.54998779296875,301.1499938964844,307.39666748046875,307.39666748046875,80091000
147,2022-08-04T00:00:00.000,311,313.6066589355469,305,308.6333312988281,308.6333312988281,72256200
148,2022-08-05T00:00:00.000,302.6700134277344,304.6066589355469,285.5433349609375,288.1700134277344,288.1700134277344,113172900
149,2022-08-08T00:00:00.000,295,305.20001220703125,289.086669921875,290.42333984375,290.42333984375,98994000
150,2022-08-09T00:00:00.000,290.2933349609375,292.39666748046875,279.35333251953125,283.3333435058594,283.3333435058594,86244600
151,2022-08-10T00:00:00.000,297.0666809082031,297.510009765625,283.3699951171875,294.3566589355469,294.3566589355469,94918800
152,2022-08-11T00:00:00.000,296.5133361816406,298.2366638183594,285.8333435058594,286.6300048828125,286.6300048828125,70155000
153,2022-08-12T00:00:00.000,289.4166564941406,300.1600036621094,285.0333251953125,300.0299987792969,300.0299987792969,79657200
154,2022-08-15T00:00:00.000,301.78668212890625,313.1333312988281,301.2300109863281,309.32000732421875,309.32000732421875,89359200
155,2022-08-16T00:00:00.000,311.6666564941406,314.6666564941406,302.8833312988281,306.5633239746094,306.5633239746094,88136400
156,2022-08-17T00:00:00.000,303.39666748046875,309.65667724609375,300.0333251953125,303.9966735839844,303.9966735839844,68766000
157,2022-08-18T00:00:00.000,306,306.5,301.85333251953125,302.8699951171875,302.8699951171875,47500500
158,2022-08-19T00:00:00.000,299,300.3599853515625,292.5,296.6666564941406,296.6666564941406,61395300
159,2022-08-22T00:00:00.000,291.913330078125,292.3999938964844,286.2966613769531,289.913330078125,289.913330078125,55843200
160,2022-08-23T00:00:00.000,291.4533386230469,298.82666015625,287.92333984375,296.4533386230469,296.4533386230469,63984900
161,2022-08-24T00:00:00.000,297.5633239746094,303.64666748046875,296.5,297.0966796875,297.0966796875,57259800
162,2022-08-25T00:00:00.000,302.3599853515625,302.9599914550781,291.6000061035156,296.07000732421875,296.07000732421875,53230000
163,2022-08-26T00:00:00.000,297.42999267578125,302,287.4700012207031,288.0899963378906,288.0899963378906,57163900
164,2022-08-29T00:00:00.000,282.8299865722656,287.739990234375,280.70001220703125,284.82000732421875,284.82000732421875,41864700
165,2022-08-30T00:00:00.000,287.8699951171875,288.4800109863281,272.6499938964844,277.70001220703125,277.70001220703125,50541800
166,2022-08-31T00:00:00.000,280.6199951171875,281.25,271.80999755859375,275.6099853515625,275.6099853515625,52107300
167,2022-09-01T00:00:00.000,272.5799865722656,277.5799865722656,266.1499938964844,277.1600036621094,277.1600036621094,54287000
168,2022-09-02T00:00:00.000,281.07000732421875,282.3500061035156,269.0799865722656,270.2099914550781,270.2099914550781,50890100
169,2022-09-06T00:00:00.000,272.67999267578125,275.989990234375,265.739990234375,274.4200134277344,274.4200134277344,55860000
170,2022-09-07T00:00:00.000,273.1000061035156,283.8399963378906,272.2699890136719,283.70001220703125,283.70001220703125,50028900
171,2022-09-08T00:00:00.000,281.29998779296875,289.5,279.760009765625,289.260009765625,289.260009765625,53713100
172,2022-09-09T00:00:00.000,291.6700134277344,299.8500061035156,291.25,299.67999267578125,299.67999267578125,54338100
173,2022-09-12T00:00:00.000,300.7200012207031,305.489990234375,300.3999938964844,304.4200134277344,304.4200134277344,48674600
174,2022-09-13T00:00:00.000,292.8999938964844,297.3999938964844,290.3999938964844,292.1300048828125,292.1300048828125,68229600
175,2022-09-14T00:00:00.000,292.239990234375,306,291.6400146484375,302.6099853515625,302.6099853515625,72628700
176,2022-09-15T00:00:00.000,301.8299865722656,309.1199951171875,300.7200012207031,303.75,303.75,64795500
177,2022-09-16T00:00:00.000,299.6099853515625,303.7099914550781,295.6000061035156,303.3500061035156,303.3500061035156,87087800
178,2022-09-19T00:00:00.000,300.0899963378906,309.8399963378906,297.79998779296875,309.07000732421875,309.07000732421875,60231200
179,2022-09-20T00:00:00.000,306.9100036621094,313.3299865722656,305.5799865722656,308.7300109863281,308.7300109863281,61642800
180,2022-09-21T00:00:00.000,308.2900085449219,313.79998779296875,300.6300048828125,300.79998779296875,300.79998779296875,62555700
181,2022-09-22T00:00:00.000,299.8599853515625,301.2900085449219,285.82000732421875,288.5899963378906,288.5899963378906,70545400
182,2022-09-23T00:00:00.000,283.0899963378906,284.5,272.82000732421875,275.3299865722656,275.3299865722656,63748400
183,2022-09-26T00:00:00.000,271.8299865722656,284.0899963378906,270.30999755859375,276.010009765625,276.010009765625,58076900
184,2022-09-27T00:00:00.000,283.8399963378906,288.6700134277344,277.510009765625,282.94000244140625,282.94000244140625,61925200
185,2022-09-28T00:00:00.000,283.0799865722656,289,277.57000732421875,287.80999755859375,287.80999755859375,54664800
186,2022-09-29T00:00:00.000,282.760009765625,283.6499938964844,265.7799987792969,268.2099914550781,268.2099914550781,77620600
187,2022-09-30T00:00:00.000,266.1499938964844,275.57000732421875,262.4700012207031,265.25,265.25,67726600
188,2022-10-03T00:00:00.000,254.5,255.16000366210938,241.00999450683594,242.39999389648438,242.39999389648438,98363500
189,2022-10-04T00:00:00.000,250.52000427246094,257.5,242.00999450683594,249.44000244140625,249.44000244140625,109578500
190,2022-10-05T00:00:00.000,245.00999450683594,246.6699981689453,233.27000427246094,240.80999755859375,240.80999755859375,86982700
191,2022-10-06T00:00:00.000,239.44000244140625,244.5800018310547,235.35000610351562,238.1300048828125,238.1300048828125,69298400
192,2022-10-07T00:00:00.000,233.94000244140625,234.57000732421875,222.02000427246094,223.07000732421875,223.07000732421875,83916800
193,2022-10-10T00:00:00.000,223.92999267578125,226.99000549316406,218.36000061035156,222.9600067138672,222.9600067138672,67925000
194,2022-10-11T00:00:00.000,220.9499969482422,225.75,215,216.5,216.5,77013200
195,2022-10-12T00:00:00.000,215.3300018310547,219.3000030517578,211.50999450683594,217.24000549316406,217.24000549316406,66860700
196,2022-10-13T00:00:00.000,208.3000030517578,222.99000549316406,206.22000122070312,221.72000122070312,221.72000122070312,91483000
197,2022-10-14T00:00:00.000,224.00999450683594,226.25999450683594,204.16000366210938,204.99000549316406,204.99000549316406,94124500
198,2022-10-17T00:00:00.000,210.0399932861328,221.86000061035156,209.4499969482422,219.35000610351562,219.35000610351562,79428800
199,2022-10-18T00:00:00.000,229.5,229.82000732421875,217.25,220.19000244140625,220.19000244140625,75891900
200,2022-10-19T00:00:00.000,219.8000030517578,222.92999267578125,217.77999877929688,222.0399932861328,222.0399932861328,66571500
201,2022-10-20T00:00:00.000,208.27999877929688,215.5500030517578,202,207.27999877929688,207.27999877929688,117798100
202,2022-10-21T00:00:00.000,206.4199981689453,214.66000366210938,203.8000030517578,214.44000244140625,214.44000244140625,75713800
203,2022-10-24T00:00:00.000,205.82000732421875,213.5,198.58999633789062,211.25,211.25,100446800
204,2022-10-25T00:00:00.000,210.10000610351562,224.35000610351562,210,222.4199981689453,222.4199981689453,96507900
205,2022-10-26T00:00:00.000,219.39999389648438,230.60000610351562,218.1999969482422,224.63999938964844,224.63999938964844,85012500
206,2022-10-27T00:00:00.000,229.77000427246094,233.80999755859375,222.85000610351562,225.08999633789062,225.08999633789062,61638800
207,2022-10-28T00:00:00.000,225.39999389648438,228.86000061035156,216.35000610351562,228.52000427246094,228.52000427246094,69152400
208,2022-10-31T00:00:00.000,226.19000244140625,229.85000610351562,221.94000244140625,227.5399932861328,227.5399932861328,61554300
209,2022-11-01T00:00:00.000,234.0500030517578,237.39999389648438,227.27999877929688,227.82000732421875,227.82000732421875,62688800
210,2022-11-02T00:00:00.000,226.0399932861328,227.8699951171875,214.82000732421875,214.97999572753906,214.97999572753906,63070300
211,2022-11-03T00:00:00.000,211.36000061035156,221.1999969482422,210.13999938964844,215.30999755859375,215.30999755859375,56538800
212,2022-11-04T00:00:00.000,222.60000610351562,223.8000030517578,203.0800018310547,207.47000122070312,207.47000122070312,98622200
213,2022-11-07T00:00:00.000,208.64999389648438,208.89999389648438,196.66000366210938,197.0800018310547,197.0800018310547,93916500
214,2022-11-08T00:00:00.000,194.02000427246094,195.1999969482422,186.75,191.3000030517578,191.3000030517578,128803400
215,2022-11-09T00:00:00.000,190.77999877929688,195.88999938964844,177.1199951171875,177.58999633789062,177.58999633789062,127062700
216,2022-11-10T00:00:00.000,189.89999389648438,191,180.02999877929688,190.72000122070312,190.72000122070312,132703000
217,2022-11-11T00:00:00.000,186,196.52000427246094,182.58999633789062,195.97000122070312,195.97000122070312,114403600
218,2022-11-14T00:00:00.000,192.77000427246094,195.72999572753906,186.33999633789062,190.9499969482422,190.9499969482422,92226600
219,2022-11-15T00:00:00.000,195.8800048828125,200.82000732421875,192.05999755859375,194.4199981689453,194.4199981689453,91293800
220,2022-11-16T00:00:00.000,191.50999450683594,192.57000732421875,185.66000366210938,186.9199981689453,186.9199981689453,66567600
221,2022-11-17T00:00:00.000,183.9600067138672,186.16000366210938,180.89999389648438,183.1699981689453,183.1699981689453,64336000
222,2022-11-18T00:00:00.000,185.0500030517578,185.19000244140625,176.5500030517578,180.19000244140625,180.19000244140625,76048900
223,2022-11-21T00:00:00.000,175.85000610351562,176.77000427246094,167.5399932861328,167.8699951171875,167.8699951171875,92882700
224,2022-11-22T00:00:00.000,168.6300048828125,170.9199981689453,166.19000244140625,169.91000366210938,169.91000366210938,78452300
225,2022-11-23T00:00:00.000,173.57000732421875,183.6199951171875,172.5,183.1999969482422,183.1999969482422,109536700
226,2022-11-25T00:00:00.000,185.05999755859375,185.1999969482422,180.6300048828125,182.86000061035156,182.86000061035156,50672700
227,2022-11-28T00:00:00.000,179.9600067138672,188.5,179,182.9199981689453,182.9199981689453,92905200
228,2022-11-29T00:00:00.000,184.99000549316406,186.3800048828125,178.75,180.8300018310547,180.8300018310547,83357100
229,2022-11-30T00:00:00.000,182.42999267578125,194.75999450683594,180.6300048828125,194.6999969482422,194.6999969482422,109186400
230,2022-12-01T00:00:00.000,197.0800018310547,198.9199981689453,191.8000030517578,194.6999969482422,194.6999969482422,80046200
231,2022-12-02T00:00:00.000,191.77999877929688,196.25,191.11000061035156,194.86000061035156,194.86000061035156,73645900
232,2022-12-05T00:00:00.000,189.44000244140625,191.27000427246094,180.5500030517578,182.4499969482422,182.4499969482422,93122700
233,2022-12-06T00:00:00.000,181.22000122070312,183.64999389648438,175.3300018310547,179.82000732421875,179.82000732421875,92150800
234,2022-12-07T00:00:00.000,175.02999877929688,179.3800048828125,172.22000122070312,174.0399932861328,174.0399932861328,84213300
235,2022-12-08T00:00:00.000,172.1999969482422,175.1999969482422,169.05999755859375,173.44000244140625,173.44000244140625,97624500
236,2022-12-09T00:00:00.000,173.83999633789062,182.5,173.36000061035156,179.0500030517578,179.0500030517578,104872300
237,2022-12-12T00:00:00.000,176.10000610351562,177.3699951171875,167.52000427246094,167.82000732421875,167.82000732421875,109794500
238,2022-12-13T00:00:00.000,174.8699951171875,175.0500030517578,156.91000366210938,160.9499969482422,160.9499969482422,175862700
239,2022-12-14T00:00:00.000,159.25,161.6199951171875,155.30999755859375,156.8000030517578,156.8000030517578,140682300
240,2022-12-15T00:00:00.000,153.44000244140625,160.92999267578125,153.27999877929688,157.6699981689453,157.6699981689453,122334500
241,2022-12-16T00:00:00.000,159.63999938964844,160.99000549316406,150.0399932861328,150.22999572753906,150.22999572753906,139032200
242,2022-12-19T00:00:00.000,154,155.25,145.82000732421875,149.8699951171875,149.8699951171875,139390600
243,2022-12-20T00:00:00.000,146.0500030517578,148.47000122070312,137.66000366210938,137.8000030517578,137.8000030517578,159563300
244,2022-12-21T00:00:00.000,139.33999633789062,141.25999450683594,135.88999938964844,137.57000732421875,137.57000732421875,145417400
245,2022-12-22T00:00:00.000,136,136.6300048828125,122.26000213623047,125.3499984741211,125.3499984741211,210090300
246,2022-12-23T00:00:00.000,126.37000274658203,128.6199951171875,121.0199966430664,123.1500015258789,123.1500015258789,166989700
247,2022-12-27T00:00:00.000,117.5,119.66999816894531,108.76000213623047,109.0999984741211,109.0999984741211,208643400
248,2022-12-28T00:00:00.000,110.3499984741211,116.2699966430664,108.23999786376953,112.70999908447266,112.70999908447266,221070500
249,2022-12-29T00:00:00.000,120.38999938964844,123.56999969482422,117.5,121.81999969482422,121.81999969482422,221923300
250,2022-12-30T00:00:00.000,119.94999694824219,124.4800033569336,119.75,123.18000030517578,123.18000030517578,157777300
251,2023-01-03T00:00:00.000,118.47000122070312,118.80000305175781,104.63999938964844,108.0999984741211,108.0999984741211,231402800
252,2023-01-04T00:00:00.000,109.11000061035156,114.58999633789062,107.5199966430664,113.63999938964844,113.63999938964844,180389000
253,2023-01-05T00:00:00.000,110.51000213623047,111.75,107.16000366210938,110.33999633789062,110.33999633789062,157986300
254,2023-01-06T00:00:00.000,103,114.38999938964844,101.80999755859375,113.05999755859375,113.05999755859375,220911100
255,2023-01-09T00:00:00.000,118.95999908447266,123.5199966430664,117.11000061035156,119.7699966430664,119.7699966430664,190284000
256,2023-01-10T00:00:00.000,121.06999969482422,122.76000213623047,114.91999816894531,118.8499984741211,118.8499984741211,167642500
257,2023-01-11T00:00:00.000,122.08999633789062,125.94999694824219,120.51000213623047,123.22000122070312,123.22000122070312,183810800
258,2023-01-12T00:00:00.000,122.55999755859375,124.12999725341797,117,123.55999755859375,123.55999755859375,169400900
259,2023-01-13T00:00:00.000,116.55000305175781,122.62999725341797,115.5999984741211,122.4000015258789,122.4000015258789,180714100
260,2023-01-17T00:00:00.000,125.69999694824219,131.6999969482422,125.0199966430664,131.49000549316406,131.49000549316406,186477000
261,2023-01-18T00:00:00.000,136.55999755859375,136.67999267578125,127.01000213623047,128.77999877929688,128.77999877929688,195680300
262,2023-01-19T00:00:00.000,127.26000213623047,129.99000549316406,124.30999755859375,127.16999816894531,127.16999816894531,170291900
263,2023-01-20T00:00:00.000,128.67999267578125,133.50999450683594,127.3499984741211,133.4199981689453,133.4199981689453,138858100
264,2023-01-23T00:00:00.000,135.8699951171875,145.3800048828125,134.27000427246094,143.75,143.75,203119200
265,2023-01-24T00:00:00.000,143,146.5,141.10000610351562,143.88999938964844,143.88999938964844,158699100
266,2023-01-25T00:00:00.000,141.91000366210938,146.41000366210938,138.07000732421875,144.42999267578125,144.42999267578125,192734300
267,2023-01-26T00:00:00.000,159.97000122070312,161.4199981689453,154.75999450683594,160.27000427246094,160.27000427246094,234815100
268,2023-01-27T00:00:00.000,162.42999267578125,180.67999267578125,161.1699981689453,177.89999389648438,177.89999389648438,306590600
269,2023-01-30T00:00:00.000,178.0500030517578,179.77000427246094,166.5,166.66000366210938,166.66000366210938,230878800
270,2023-01-31T00:00:00.000,164.57000732421875,174.3000030517578,162.77999877929688,173.22000122070312,173.22000122070312,196813500
271,2023-02-01T00:00:00.000,173.88999938964844,183.80999755859375,169.92999267578125,181.41000366210938,181.41000366210938,213806300
272,2023-02-02T00:00:00.000,187.3300018310547,196.75,182.61000061035156,188.27000427246094,188.27000427246094,217448300
273,2023-02-03T00:00:00.000,183.9499969482422,199,183.69000244140625,189.97999572753906,189.97999572753906,232662000
274,2023-02-06T00:00:00.000,193.00999450683594,198.1699981689453,189.9199981689453,194.75999450683594,194.75999450683594,186188100
275,2023-02-07T00:00:00.000,196.42999267578125,197.5,189.5500030517578,196.80999755859375,196.80999755859375,186010300
276,2023-02-08T00:00:00.000,196.10000610351562,203,194.30999755859375,201.2899932861328,201.2899932861328,180673600
277,2023-02-09T00:00:00.000,207.77999877929688,214,204.77000427246094,207.32000732421875,207.32000732421875,215431400
278,2023-02-10T00:00:00.000,202.22999572753906,206.1999969482422,192.88999938964844,196.88999938964844,196.88999938964844,204754100
279,2023-02-13T00:00:00.000,194.4199981689453,196.3000030517578,187.61000061035156,194.63999938964844,194.63999938964844,172475500
280,2023-02-14T00:00:00.000,191.94000244140625,209.82000732421875,189.44000244140625,209.25,209.25,216455700
281,2023-02-15T00:00:00.000,211.75999450683594,214.66000366210938,206.11000061035156,214.24000549316406,214.24000549316406,181006400
282,2023-02-16T00:00:00.000,210.77999877929688,217.64999389648438,201.83999633789062,202.0399932861328,202.0399932861328,229586500
283,2023-02-17T00:00:00.000,199.99000549316406,208.44000244140625,197.5,208.30999755859375,208.30999755859375,213738500
284,2023-02-21T00:00:00.000,204.99000549316406,209.7100067138672,197.22000122070312,197.3699951171875,197.3699951171875,180018600
285,2023-02-22T00:00:00.000,197.92999267578125,201.99000549316406,191.77999877929688,200.86000061035156,200.86000061035156,191828500
286,2023-02-23T00:00:00.000,203.91000366210938,205.13999938964844,196.3300018310547,202.07000732421875,202.07000732421875,146360000
287,2023-02-24T00:00:00.000,196.3300018310547,197.6699981689453,192.8000030517578,196.8800048828125,196.8800048828125,142228100
288,2023-02-27T00:00:00.000,202.02999877929688,209.4199981689453,201.25999450683594,207.6300048828125,207.6300048828125,161028300
289,2023-02-28T00:00:00.000,210.58999633789062,211.22999572753906,203.75,205.7100067138672,205.7100067138672,153144900
290,2023-03-01T00:00:00.000,206.2100067138672,207.1999969482422,198.52000427246094,202.77000427246094,202.77000427246094,156852800
291,2023-03-02T00:00:00.000,186.74000549316406,193.75,186.00999450683594,190.89999389648438,190.89999389648438,181500700
292,2023-03-03T00:00:00.000,194.8000030517578,200.47999572753906,192.8800048828125,197.7899932861328,197.7899932861328,154193300
293,2023-03-06T00:00:00.000,198.5399932861328,198.60000610351562,192.3000030517578,193.80999755859375,193.80999755859375,128100100
294,2023-03-07T00:00:00.000,191.3800048828125,194.1999969482422,186.10000610351562,187.7100067138672,187.7100067138672,148125800
295,2023-03-08T00:00:00.000,185.0399932861328,186.5,180,182,182,151897800
296,2023-03-09T00:00:00.000,180.25,185.17999267578125,172.50999450683594,172.9199981689453,172.9199981689453,170023800
297,2023-03-10T00:00:00.000,175.1300048828125,178.2899932861328,168.44000244140625,173.44000244140625,173.44000244140625,191488900
298,2023-03-13T00:00:00.000,167.4600067138672,177.35000610351562,163.91000366210938,174.47999572753906,174.47999572753906,167790300
299,2023-03-14T00:00:00.000,177.30999755859375,183.8000030517578,177.13999938964844,183.25999450683594,183.25999450683594,143717900
300,2023-03-15T00:00:00.000,180.8000030517578,182.33999633789062,176.02999877929688,180.4499969482422,180.4499969482422,145995600
301,2023-03-16T00:00:00.000,180.3699951171875,185.80999755859375,178.83999633789062,184.1300048828125,184.1300048828125,121136800
302,2023-03-17T00:00:00.000,184.52000427246094,186.22000122070312,177.3300018310547,180.1300048828125,180.1300048828125,133197100
303,2023-03-20T00:00:00.000,178.0800018310547,186.44000244140625,176.35000610351562,183.25,183.25,129684400
304,2023-03-21T00:00:00.000,188.27999877929688,198,188.0399932861328,197.5800018310547,197.5800018310547,153391400
305,2023-03-22T00:00:00.000,199.3000030517578,200.66000366210938,190.9499969482422,191.14999389648438,191.14999389648438,150376400
306,2023-03-23T00:00:00.000,195.25999450683594,199.30999755859375,188.64999389648438,192.22000122070312,192.22000122070312,144193900
307,2023-03-24T00:00:00.000,191.64999389648438,192.36000061035156,187.14999389648438,190.41000366210938,190.41000366210938,116312400
308,2023-03-27T00:00:00.000,194.4199981689453,197.38999938964844,189.94000244140625,191.80999755859375,191.80999755859375,120851600
309,2023-03-28T00:00:00.000,192,192.35000610351562,185.42999267578125,189.19000244140625,189.19000244140625,98654600
310,2023-03-29T00:00:00.000,193.1300048828125,195.2899932861328,189.44000244140625,193.8800048828125,193.8800048828125,123660000
311,2023-03-30T00:00:00.000,195.5800018310547,197.3300018310547,194.4199981689453,195.27999877929688,195.27999877929688,110252200
312,2023-03-31T00:00:00.000,197.52999877929688,207.7899932861328,197.1999969482422,207.4600067138672,207.4600067138672,170222100
313,2023-04-03T00:00:00.000,199.91000366210938,202.69000244140625,192.1999969482422,194.77000427246094,194.77000427246094,169545900
314,2023-04-04T00:00:00.000,197.32000732421875,198.74000549316406,190.32000732421875,192.5800018310547,192.5800018310547,126463800
315,2023-04-05T00:00:00.000,190.52000427246094,190.67999267578125,183.75999450683594,185.52000427246094,185.52000427246094,133882500
316,2023-04-06T00:00:00.000,183.0800018310547,186.38999938964844,179.74000549316406,185.05999755859375,185.05999755859375,123857900
317,2023-04-10T00:00:00.000,179.94000244140625,185.10000610351562,176.11000061035156,184.50999450683594,184.50999450683594,142154600
318,2023-04-11T00:00:00.000,186.69000244140625,189.19000244140625,185.64999389648438,186.7899932861328,186.7899932861328,115770900
319,2023-04-12T00:00:00.000,190.74000549316406,191.5800018310547,180.30999755859375,180.5399932861328,180.5399932861328,150256300
320,2023-04-13T00:00:00.000,182.9600067138672,186.5,180.94000244140625,185.89999389648438,185.89999389648438,112933000
321,2023-04-14T00:00:00.000,183.9499969482422,186.27999877929688,182.00999450683594,185,185,96438700
322,2023-04-17T00:00:00.000,186.32000732421875,189.69000244140625,182.69000244140625,187.0399932861328,187.0399932861328,116662200
323,2023-04-18T00:00:00.000,187.14999389648438,187.69000244140625,183.5800018310547,184.30999755859375,184.30999755859375,92067000
324,2023-04-19T00:00:00.000,179.10000610351562,183.5,177.64999389648438,180.58999633789062,180.58999633789062,125732700
325,2023-04-20T00:00:00.000,166.1699981689453,169.6999969482422,160.55999755859375,162.99000549316406,162.99000549316406,210970800
326,2023-04-21T00:00:00.000,164.8000030517578,166,161.32000732421875,165.0800018310547,165.0800018310547,123539000
327,2023-04-24T00:00:00.000,164.64999389648438,165.64999389648438,158.61000061035156,162.5500030517578,162.5500030517578,140006600
328,2023-04-25T00:00:00.000,159.82000732421875,163.47000122070312,158.75,160.6699981689453,160.6699981689453,121999300
329,2023-04-26T00:00:00.000,160.2899932861328,160.6699981689453,153.13999938964844,153.75,153.75,153364100
330,2023-04-27T00:00:00.000,152.63999938964844,160.47999572753906,152.3699951171875,160.19000244140625,160.19000244140625,127015200
331,2023-04-28T00:00:00.000,160.89999389648438,165,157.32000732421875,164.30999755859375,164.30999755859375,122515800
332,2023-05-01T00:00:00.000,163.1699981689453,163.27999877929688,158.8300018310547,161.8300018310547,161.8300018310547,109015000
333,2023-05-02T00:00:00.000,161.8800048828125,165.49000549316406,158.92999267578125,160.30999755859375,160.30999755859375,128259700
334,2023-05-03T00:00:00.000,160.00999450683594,165,159.91000366210938,160.61000061035156,160.61000061035156,119728000
335,2023-05-04T00:00:00.000,162.7100067138672,162.9499969482422,159.64999389648438,161.1999969482422,161.1999969482422,95108500
336,2023-05-05T00:00:00.000,163.97000122070312,170.7899932861328,163.50999450683594,170.05999755859375,170.05999755859375,107440900
337,2023-05-08T00:00:00.000,173.72000122070312,173.8000030517578,169.19000244140625,171.7899932861328,171.7899932861328,112249400
338,2023-05-09T00:00:00.000,168.9499969482422,169.82000732421875,166.55999755859375,169.14999389648438,169.14999389648438,88965000
339,2023-05-10T00:00:00.000,172.5500030517578,174.42999267578125,166.67999267578125,168.5399932861328,168.5399932861328,119840700
340,2023-05-11T00:00:00.000,168.6999969482422,173.57000732421875,166.7899932861328,172.0800018310547,172.0800018310547,103889900
341,2023-05-12T00:00:00.000,176.07000732421875,177.3800048828125,167.22999572753906,167.97999572753906,167.97999572753906,157577100
342,2023-05-15T00:00:00.000,167.66000366210938,169.75999450683594,164.5500030517578,166.35000610351562,166.35000610351562,105592500
343,2023-05-16T00:00:00.000,165.64999389648438,169.52000427246094,164.35000610351562,166.52000427246094,166.52000427246094,98288800
344,2023-05-17T00:00:00.000,168.41000366210938,174.5,167.19000244140625,173.86000061035156,173.86000061035156,125473600
345,2023-05-18T00:00:00.000,174.22000122070312,177.05999755859375,172.4499969482422,176.88999938964844,176.88999938964844,109520300
346,2023-05-19T00:00:00.000,177.1699981689453,181.9499969482422,176.30999755859375,180.13999938964844,180.13999938964844,136024200
347,2023-05-22T00:00:00.000,180.6999969482422,189.32000732421875,180.11000061035156,188.8699951171875,188.8699951171875,132001400
348,2023-05-23T00:00:00.000,186.1999969482422,192.9600067138672,185.25999450683594,185.77000427246094,185.77000427246094,156952100
349,2023-05-24T00:00:00.000,182.22999572753906,184.22000122070312,178.22000122070312,182.89999389648438,182.89999389648438,137605100
350,2023-05-25T00:00:00.000,186.5399932861328,186.77999877929688,180.5800018310547,184.47000122070312,184.47000122070312,96870700
351,2023-05-26T00:00:00.000,184.6199951171875,198.60000610351562,184.52999877929688,193.1699981689453,193.1699981689453,162061500
352,2023-05-30T00:00:00.000,200.10000610351562,204.47999572753906,197.52999877929688,201.16000366210938,201.16000366210938,128818700
353,2023-05-31T00:00:00.000,199.77999877929688,203.9499969482422,195.1199951171875,203.92999267578125,203.92999267578125,150711700
354,2023-06-01T00:00:00.000,202.58999633789062,209.8000030517578,199.3699951171875,207.52000427246094,207.52000427246094,148029900
355,2023-06-02T00:00:00.000,210.14999389648438,217.25,209.75,213.97000122070312,213.97000122070312,164129000
356,2023-06-05T00:00:00.000,217.8000030517578,221.2899932861328,214.52000427246094,217.61000061035156,217.61000061035156,151143100
357,2023-06-06T00:00:00.000,216.13999938964844,221.91000366210938,212.52999877929688,221.30999755859375,221.30999755859375,146911600
358,2023-06-07T00:00:00.000,228,230.8300018310547,223.1999969482422,224.57000732421875,224.57000732421875,185710800
359,2023-06-08T00:00:00.000,224.22000122070312,235.22999572753906,223.00999450683594,234.86000061035156,234.86000061035156,164489700
360,2023-06-09T00:00:00.000,249.07000732421875,252.4199981689453,242.02000427246094,244.39999389648438,244.39999389648438,199882300
361,2023-06-12T00:00:00.000,247.94000244140625,250.97000122070312,244.58999633789062,249.8300018310547,249.8300018310547,150337900
362,2023-06-13T00:00:00.000,253.50999450683594,259.67999267578125,251.33999633789062,258.7099914550781,258.7099914550781,162384300
363,2023-06-14T00:00:00.000,260.1700134277344,261.57000732421875,250.5,256.7900085449219,256.7900085449219,170575500
364,2023-06-15T00:00:00.000,248.39999389648438,258.95001220703125,247.2899932861328,255.89999389648438,255.89999389648438,160171200
365,2023-06-16T00:00:00.000,258.9200134277344,263.6000061035156,257.2099914550781,260.5400085449219,260.5400085449219,167563700
366,2023-06-20T00:00:00.000,261.5,274.75,261.1199951171875,274.45001220703125,274.45001220703125,165611200
367,2023-06-21T00:00:00.000,275.1300048828125,276.989990234375,257.7799987792969,259.4599914550781,259.4599914550781,211797100
368,2023-06-22T00:00:00.000,250.77000427246094,265,248.25,264.6099853515625,264.6099853515625,166875900
369,2023-06-23T00:00:00.000,259.2900085449219,262.45001220703125,252.8000030517578,256.6000061035156,256.6000061035156,176584100
370,2023-06-26T00:00:00.000,250.07000732421875,258.3699951171875,240.6999969482422,241.0500030517578,241.0500030517578,179990600
371,2023-06-27T00:00:00.000,243.24000549316406,250.38999938964844,240.85000610351562,250.2100067138672,250.2100067138672,164968200
372,2023-06-28T00:00:00.000,249.6999969482422,259.8800048828125,248.88999938964844,256.239990234375,256.239990234375,159770800
373,2023-06-29T00:00:00.000,258.0299987792969,260.739990234375,253.61000061035156,257.5,257.5,131283400
374,2023-06-30T00:00:00.000,260.6000061035156,264.45001220703125,259.8900146484375,261.7699890136719,261.7699890136719,112267600
375,2023-07-03T00:00:00.000,276.489990234375,284.25,275.1099853515625,279.82000732421875,279.82000732421875,119685900
376,2023-07-05T00:00:00.000,278.82000732421875,283.8500061035156,277.6000061035156,282.4800109863281,282.4800109863281,131530900
377,2023-07-06T00:00:00.000,278.0899963378906,279.9700012207031,272.8800048828125,276.5400085449219,276.5400085449219,120332100
378,2023-07-07T00:00:00.000,278.42999267578125,280.7799987792969,273.7699890136719,274.42999267578125,274.42999267578125,113602000
379,2023-07-10T00:00:00.000,276.4700012207031,277.5199890136719,265.1000061035156,269.6099853515625,269.6099853515625,119425400
380,2023-07-11T00:00:00.000,268.6499938964844,270.8999938964844,266.3699951171875,269.7900085449219,269.7900085449219,91972400
381,2023-07-12T00:00:00.000,276.3299865722656,276.5199890136719,271.4599914550781,271.989990234375,271.989990234375,95672100
382,2023-07-13T00:00:00.000,274.5899963378906,279.45001220703125,270.6000061035156,277.8999938964844,277.8999938964844,112681500
383,2023-07-14T00:00:00.000,277.010009765625,285.29998779296875,276.30999755859375,281.3800048828125,281.3800048828125,119771100
384,2023-07-17T00:00:00.000,286.6300048828125,292.2300109863281,283.57000732421875,290.3800048828125,290.3800048828125,131569600
385,2023-07-18T00:00:00.000,290.1499938964844,295.260009765625,286.010009765625,293.3399963378906,293.3399963378906,112434700
386,2023-07-19T00:00:00.000,296.0400085449219,299.2900085449219,289.5199890136719,291.260009765625,291.260009765625,142355400
387,2023-07-20T00:00:00.000,279.55999755859375,280.92999267578125,261.20001220703125,262.8999938964844,262.8999938964844,175158300
388,2023-07-21T00:00:00.000,268,268,255.8000030517578,260.0199890136719,260.0199890136719,161050100
389,2023-07-24T00:00:00.000,255.85000610351562,269.8500061035156,254.1199951171875,269.05999755859375,269.05999755859375,136508500
390,2023-07-25T00:00:00.000,272.3800048828125,272.8999938964844,265,265.2799987792969,265.2799987792969,112757300
391,2023-07-26T00:00:00.000,263.25,268.0400085449219,261.75,264.3500061035156,264.3500061035156,95856200
392,2023-07-27T00:00:00.000,268.30999755859375,269.1300048828125,255.3000030517578,255.7100067138672,255.7100067138672,103697300
393,2023-07-28T00:00:00.000,259.8599853515625,267.25,258.2300109863281,266.44000244140625,266.44000244140625,111446000
394,2023-07-31T00:00:00.000,267.4800109863281,269.0799865722656,263.7799987792969,267.42999267578125,267.42999267578125,84582200
395,2023-08-01T00:00:00.000,266.260009765625,266.4700012207031,260.25,261.07000732421875,261.07000732421875,83166000
396,2023-08-02T00:00:00.000,255.57000732421875,259.5199890136719,250.49000549316406,254.11000061035156,254.11000061035156,101752900
397,2023-08-03T00:00:00.000,252.0399932861328,260.489990234375,252,259.32000732421875,259.32000732421875,97569100
398,2023-08-04T00:00:00.000,260.9700012207031,264.7699890136719,253.11000061035156,253.86000061035156,253.86000061035156,99242600
399,2023-08-07T00:00:00.000,251.4499969482422,253.64999389648438,242.75999450683594,251.4499969482422,251.4499969482422,111097900
400,2023-08-08T00:00:00.000,247.4499969482422,250.9199981689453,245.00999450683594,249.6999969482422,249.6999969482422,96642200
401,2023-08-09T00:00:00.000,250.8699951171875,251.10000610351562,241.89999389648438,242.19000244140625,242.19000244140625,101596300
402,2023-08-10T00:00:00.000,245.39999389648438,251.8000030517578,243,245.33999633789062,245.33999633789062,109498600
403,2023-08-11T00:00:00.000,241.77000427246094,243.7899932861328,238.02000427246094,242.64999389648438,242.64999389648438,98866600
404,2023-08-14T00:00:00.000,235.6999969482422,240.66000366210938,233.75,239.75999450683594,239.75999450683594,98595300
405,2023-08-15T00:00:00.000,238.72999572753906,240.5,232.61000061035156,232.9600067138672,232.9600067138672,88197600
406,2023-08-16T00:00:00.000,228.02000427246094,233.97000122070312,225.3800048828125,225.60000610351562,225.60000610351562,112484500
407,2023-08-17T00:00:00.000,226.05999755859375,226.74000549316406,218.8300018310547,219.22000122070312,219.22000122070312,120718400
408,2023-08-18T00:00:00.000,214.1199951171875,217.5800018310547,212.36000061035156,215.49000549316406,215.49000549316406,135813700
409,2023-08-21T00:00:00.000,221.5500030517578,232.1300048828125,220.5800018310547,231.27999877929688,231.27999877929688,135702700
410,2023-08-22T00:00:00.000,240.25,240.82000732421875,229.5500030517578,233.19000244140625,233.19000244140625,130597900
411,2023-08-23T00:00:00.000,229.33999633789062,238.97999572753906,229.2899932861328,236.86000061035156,236.86000061035156,101077600
412,2023-08-24T00:00:00.000,238.66000366210938,238.9199981689453,228.17999267578125,230.0399932861328,230.0399932861328,99777400
413,2023-08-25T00:00:00.000,231.30999755859375,239,230.35000610351562,238.58999633789062,238.58999633789062,106612200
414,2023-08-28T00:00:00.000,242.5800018310547,244.3800048828125,235.35000610351562,238.82000732421875,238.82000732421875,107673700
415,2023-08-29T00:00:00.000,238.5800018310547,257.4800109863281,237.77000427246094,257.17999267578125,257.17999267578125,134047600
416,2023-08-30T00:00:00.000,254.1999969482422,260.510009765625,250.58999633789062,256.8999938964844,256.8999938964844,121988400
417,2023-08-31T00:00:00.000,255.97999572753906,261.17999267578125,255.0500030517578,258.0799865722656,258.0799865722656,108861700
418,2023-09-01T00:00:00.000,257.260009765625,259.0799865722656,242.00999450683594,245.00999450683594,245.00999450683594,132272500
419,2023-09-05T00:00:00.000,245,258,244.86000061035156,256.489990234375,256.489990234375,129469600
420,2023-09-06T00:00:00.000,255.13999938964844,255.38999938964844,245.05999755859375,251.9199981689453,251.9199981689453,116959800
421,2023-09-07T00:00:00.000,245.07000732421875,252.80999755859375,243.27000427246094,251.49000549316406,251.49000549316406,115312900
422,2023-09-08T00:00:00.000,251.22000122070312,256.5199890136719,246.6699981689453,248.5,248.5,118367700
423,2023-09-11T00:00:00.000,264.2699890136719,274.8500061035156,260.6099853515625,273.5799865722656,273.5799865722656,174667900
424,2023-09-12T00:00:00.000,270.760009765625,278.3900146484375,266.6000061035156,267.4800109863281,267.4800109863281,135999900
425,2023-09-13T00:00:00.000,270.07000732421875,274.9800109863281,268.1000061035156,271.29998779296875,271.29998779296875,111673700
426,2023-09-14T00:00:00.000,271.32000732421875,276.7099914550781,270.4200134277344,276.0400085449219,276.0400085449219,107709800
427,2023-09-15T00:00:00.000,277.54998779296875,278.9800109863281,271,274.3900146484375,274.3900146484375,133422800
428,2023-09-18T00:00:00.000,271.1600036621094,271.44000244140625,263.760009765625,265.2799987792969,265.2799987792969,101543300
429,2023-09-19T00:00:00.000,264.3500061035156,267.8500061035156,261.20001220703125,266.5,266.5,103704000
430,2023-09-20T00:00:00.000,267.0400085449219,273.92999267578125,262.4599914550781,262.5899963378906,262.5899963378906,122514600
431,2023-09-21T00:00:00.000,257.8500061035156,260.8599853515625,254.2100067138672,255.6999969482422,255.6999969482422,119531000
432,2023-09-22T00:00:00.000,257.3999938964844,257.7900085449219,244.47999572753906,244.8800048828125,244.8800048828125,127524100
433,2023-09-25T00:00:00.000,243.3800048828125,247.10000610351562,238.30999755859375,246.99000549316406,246.99000549316406,104636600
434,2023-09-26T00:00:00.000,242.97999572753906,249.5500030517578,241.66000366210938,244.1199951171875,244.1199951171875,101993600
435,2023-09-27T00:00:00.000,244.25999450683594,245.3300018310547,234.5800018310547,240.5,240.5,136597200
436,2023-09-28T00:00:00.000,240.02000427246094,247.5500030517578,238.64999389648438,246.3800048828125,246.3800048828125,117058900
437,2023-09-29T00:00:00.000,250,254.77000427246094,246.35000610351562,250.22000122070312,250.22000122070312,128346200
438,2023-10-02T00:00:00.000,244.80999755859375,254.27999877929688,242.6199951171875,251.60000610351562,251.60000610351562,123810400
439,2023-10-03T00:00:00.000,248.61000061035156,250.02000427246094,244.4499969482422,246.52999877929688,246.52999877929688,101985300
440,2023-10-04T00:00:00.000,248.13999938964844,261.8599853515625,247.60000610351562,261.1600036621094,261.1600036621094,129721600
441,2023-10-05T00:00:00.000,260,263.6000061035156,256.25,260.04998779296875,260.04998779296875,119159200
442,2023-10-06T00:00:00.000,253.97999572753906,261.6499938964844,250.64999389648438,260.5299987792969,260.5299987792969,117947000
443,2023-10-09T00:00:00.000,255.30999755859375,261.3599853515625,252.0500030517578,259.6700134277344,259.6700134277344,101377900
444,2023-10-10T00:00:00.000,257.75,268.94000244140625,257.6499938964844,263.6199951171875,263.6199951171875,122656000
445,2023-10-11T00:00:00.000,266.20001220703125,268.6000061035156,260.8999938964844,262.989990234375,262.989990234375,103706300
446,2023-10-12T00:00:00.000,262.9200134277344,265.4100036621094,256.6300048828125,258.8699951171875,258.8699951171875,111508100
447,2023-10-13T00:00:00.000,258.8999938964844,259.6000061035156,250.22000122070312,251.1199951171875,251.1199951171875,102073800
448,2023-10-16T00:00:00.000,250.0500030517578,255.39999389648438,248.47999572753906,253.9199981689453,253.9199981689453,88917200
449,2023-10-17T00:00:00.000,250.10000610351562,257.17999267578125,247.0800018310547,254.85000610351562,254.85000610351562,93562900
450,2023-10-18T00:00:00.000,252.6999969482422,254.6300048828125,242.0800018310547,242.67999267578125,242.67999267578125,125147800
451,2023-10-19T00:00:00.000,225.9499969482422,230.61000061035156,216.77999877929688,220.11000061035156,220.11000061035156,170772700
452,2023-10-20T00:00:00.000,217.00999450683594,218.86000061035156,210.4199981689453,211.99000549316406,211.99000549316406,137734000
453,2023-10-23T00:00:00.000,210,216.97999572753906,202.50999450683594,212.0800018310547,212.0800018310547,150683400
454,2023-10-24T00:00:00.000,216.5,222.0500030517578,214.11000061035156,216.52000427246094,216.52000427246094,118231100
455,2023-10-25T00:00:00.000,215.8800048828125,220.10000610351562,212.1999969482422,212.4199981689453,212.4199981689453,107065100
456,2023-10-26T00:00:00.000,211.32000732421875,214.8000030517578,204.8800048828125,205.75999450683594,205.75999450683594,115112600
457,2023-10-27T00:00:00.000,210.60000610351562,212.41000366210938,205.77000427246094,207.3000030517578,207.3000030517578,94881200
458,2023-10-30T00:00:00.000,209.27999877929688,210.8800048828125,194.6699981689453,197.36000061035156,197.36000061035156,136448200
459,2023-10-31T00:00:00.000,196.1199951171875,202.8000030517578,194.07000732421875,200.83999633789062,200.83999633789062,118068300
460,2023-11-01T00:00:00.000,204.0399932861328,205.99000549316406,197.85000610351562,205.66000366210938,205.66000366210938,121661700
461,2023-11-02T00:00:00.000,212.97000122070312,219.1999969482422,211.4499969482422,218.50999450683594,218.50999450683594,125987600
462,2023-11-03T00:00:00.000,221.14999389648438,226.3699951171875,218.39999389648438,219.9600067138672,219.9600067138672,119281000
463,2023-11-06T00:00:00.000,223.97999572753906,226.32000732421875,215,219.27000427246094,219.27000427246094,117335800
464,2023-11-07T00:00:00.000,219.97999572753906,223.1199951171875,215.72000122070312,222.17999267578125,222.17999267578125,116900100
465,2023-11-08T00:00:00.000,223.14999389648438,224.14999389648438,217.63999938964844,222.11000061035156,222.11000061035156,106584800
466,2023-11-09T00:00:00.000,219.75,220.8000030517578,206.67999267578125,209.97999572753906,209.97999572753906,142110500
467,2023-11-10T00:00:00.000,210.02999877929688,215.3800048828125,205.69000244140625,214.64999389648438,214.64999389648438,130994000
468,2023-11-13T00:00:00.000,215.60000610351562,225.39999389648438,211.61000061035156,223.7100067138672,223.7100067138672,140447600
469,2023-11-14T00:00:00.000,235.02999877929688,238.13999938964844,230.72000122070312,237.41000366210938,237.41000366210938,149771600
470,2023-11-15T00:00:00.000,239.2899932861328,246.6999969482422,236.4499969482422,242.83999633789062,242.83999633789062,150354000
471,2023-11-16T00:00:00.000,239.49000549316406,240.8800048828125,230.9600067138672,233.58999633789062,233.58999633789062,136816800
472,2023-11-17T00:00:00.000,232,237.38999938964844,226.5399932861328,234.3000030517578,234.3000030517578,142532800
473,2023-11-20T00:00:00.000,234.0399932861328,237.10000610351562,231.02000427246094,235.60000610351562,235.60000610351562,116320100
474,2023-11-21T00:00:00.000,235.0399932861328,243.6199951171875,233.33999633789062,241.1999969482422,241.1999969482422,122288000
475,2023-11-22T00:00:00.000,242.0399932861328,244.00999450683594,231.39999389648438,234.2100067138672,234.2100067138672,117950600
476,2023-11-24T00:00:00.000,233.75,238.75,232.3300018310547,235.4499969482422,235.4499969482422,65125200
477,2023-11-27T00:00:00.000,236.88999938964844,238.3300018310547,232.10000610351562,236.0800018310547,236.0800018310547,112031800
478,2023-11-28T00:00:00.000,236.67999267578125,247,234.00999450683594,246.72000122070312,246.72000122070312,148549900
479,2023-11-29T00:00:00.000,249.2100067138672,252.75,242.75999450683594,244.13999938964844,244.13999938964844,135401300
480,2023-11-30T00:00:00.000,245.13999938964844,245.22000122070312,236.91000366210938,240.0800018310547,240.0800018310547,132353200
481,2023-12-01T00:00:00.000,233.13999938964844,240.19000244140625,231.89999389648438,238.8300018310547,238.8300018310547,121173500
482,2023-12-04T00:00:00.000,235.75,239.3699951171875,233.2899932861328,235.5800018310547,235.5800018310547,104099800
483,2023-12-05T00:00:00.000,233.8699951171875,246.66000366210938,233.6999969482422,238.72000122070312,238.72000122070312,137971100
484,2023-12-06T00:00:00.000,242.9199981689453,246.57000732421875,239.1699981689453,239.3699951171875,239.3699951171875,126436200
485,2023-12-07T00:00:00.000,241.5500030517578,244.0800018310547,236.97999572753906,242.63999938964844,242.63999938964844,107142300
486,2023-12-08T00:00:00.000,240.27000427246094,245.27000427246094,239.27000427246094,243.83999633789062,243.83999633789062,102980100
487,2023-12-11T00:00:00.000,242.74000549316406,243.44000244140625,237.4499969482422,239.74000549316406,239.74000549316406,97913900
488,2023-12-12T00:00:00.000,238.5500030517578,238.99000549316406,233.8699951171875,237.00999450683594,237.00999450683594,95328300
489,2023-12-13T00:00:00.000,234.19000244140625,240.3000030517578,228.1999969482422,239.2899932861328,239.2899932861328,146286300
490,2023-12-14T00:00:00.000,241.22000122070312,253.8800048828125,240.7899932861328,251.0500030517578,251.0500030517578,160829200
491,2023-12-15T00:00:00.000,251.2100067138672,254.1300048828125,248.3000030517578,253.5,253.5,135720800
492,2023-12-18T00:00:00.000,253.77999877929688,258.739990234375,251.36000061035156,252.0800018310547,252.0800018310547,116416500
493,2023-12-19T00:00:00.000,253.47999572753906,258.3399963378906,253.00999450683594,257.2200012207031,257.2200012207031,106737400
494,2023-12-20T00:00:00.000,256.4100036621094,259.8399963378906,247,247.13999938964844,247.13999938964844,125097000
495,2023-12-21T00:00:00.000,251.89999389648438,254.8000030517578,248.5500030517578,254.5,254.5,109594200
496,2023-12-22T00:00:00.000,256.760009765625,258.2200012207031,251.3699951171875,252.5399932861328,252.5399932861328,93249800
497,2023-12-26T00:00:00.000,254.49000549316406,257.9700012207031,252.91000366210938,256.6099853515625,256.6099853515625,86892400
498,2023-12-27T00:00:00.000,258.3500061035156,263.3399963378906,257.5199890136719,261.44000244140625,261.44000244140625,106494400
499,2023-12-28T00:00:00.000,263.6600036621094,265.1300048828125,252.7100067138672,253.17999267578125,253.17999267578125,113619900
500,2023-12-29T00:00:00.000,255.10000610351562,255.19000244140625,247.42999267578125,248.47999572753906,248.47999572753906,100615300
501,2024-01-02T00:00:00.000,250.0800018310547,251.25,244.41000366210938,248.4199981689453,248.4199981689453,104654200
502,2024-01-03T00:00:00.000,244.97999572753906,245.67999267578125,236.32000732421875,238.4499969482422,238.4499969482422,121082600
503,2024-01-04T00:00:00.000,239.25,242.6999969482422,237.72999572753906,237.92999267578125,237.92999267578125,102629300
504,2024-01-05T00:00:00.000,236.86000061035156,240.1199951171875,234.89999389648438,237.49000549316406,237.49000549316406,92379400
505,2024-01-08T00:00:00.000,236.13999938964844,241.25,235.3000030517578,240.4499969482422,240.4499969482422,85166600
506,2024-01-09T00:00:00.000,238.11000061035156,238.9600067138672,232.0399932861328,234.9600067138672,234.9600067138672,96705700
507,2024-01-10T00:00:00.000,235.10000610351562,235.5,231.2899932861328,233.94000244140625,233.94000244140625,91628500
508,2024-01-11T00:00:00.000,230.57000732421875,230.92999267578125,225.3699951171875,227.22000122070312,227.22000122070312,105873600
509,2024-01-12T00:00:00.000,220.0800018310547,225.33999633789062,217.14999389648438,218.88999938964844,218.88999938964844,122889000
510,2024-01-16T00:00:00.000,215.10000610351562,223.49000549316406,212.17999267578125,219.91000366210938,219.91000366210938,115355000
511,2024-01-17T00:00:00.000,214.86000061035156,215.6699981689453,212.00999450683594,215.5500030517578,215.5500030517578,103164400
512,2024-01-18T00:00:00.000,216.8800048828125,217.4499969482422,208.74000549316406,211.8800048828125,211.8800048828125,108595400
513,2024-01-19T00:00:00.000,209.99000549316406,213.19000244140625,207.55999755859375,212.19000244140625,212.19000244140625,102095800
514,2024-01-22T00:00:00.000,212.25999450683594,217.8000030517578,206.27000427246094,208.8000030517578,208.8000030517578,117952500
515,2024-01-23T00:00:00.000,211.3000030517578,215.64999389648438,207.75,209.13999938964844,209.13999938964844,106605900
516,2024-01-24T00:00:00.000,211.8800048828125,212.72999572753906,206.77000427246094,207.8300018310547,207.8300018310547,123369900
517,2024-01-25T00:00:00.000,189.6999969482422,193,180.05999755859375,182.6300048828125,182.6300048828125,198076800
518,2024-01-26T00:00:00.000,185.5,186.77999877929688,182.10000610351562,183.25,183.25,107343200
519,2024-01-29T00:00:00.000,185.6300048828125,191.47999572753906,183.6699981689453,190.92999267578125,190.92999267578125,125013100
520,2024-01-30T00:00:00.000,195.3300018310547,196.36000061035156,190.61000061035156,191.58999633789062,191.58999633789062,109982300
521,2024-01-31T00:00:00.000,187,193.97000122070312,185.85000610351562,187.2899932861328,187.2899932861328,103221400
522,2024-02-01T00:00:00.000,188.5,189.8800048828125,184.27999877929688,188.86000061035156,188.86000061035156,91843300
523,2024-02-02T00:00:00.000,185.0399932861328,188.69000244140625,182,187.91000366210938,187.91000366210938,110505100
524,2024-02-05T00:00:00.000,184.25999450683594,184.67999267578125,175.00999450683594,181.05999755859375,181.05999755859375,134294400
525,2024-02-06T00:00:00.000,177.2100067138672,186.49000549316406,177.11000061035156,185.10000610351562,185.10000610351562,122676000
526,2024-02-07T00:00:00.000,188.17999267578125,189.7899932861328,182.67999267578125,187.5800018310547,187.5800018310547,111535200
527,2024-02-08T00:00:00.000,189,191.6199951171875,185.5800018310547,189.55999755859375,189.55999755859375,83034000
528,2024-02-09T00:00:00.000,190.17999267578125,194.1199951171875,189.47999572753906,193.57000732421875,193.57000732421875,84476300
529,2024-02-12T00:00:00.000,192.11000061035156,194.72999572753906,187.27999877929688,188.1300048828125,188.1300048828125,95498600
530,2024-02-13T00:00:00.000,183.99000549316406,187.25999450683594,182.11000061035156,184.02000427246094,184.02000427246094,86759500
531,2024-02-14T00:00:00.000,185.3000030517578,188.88999938964844,183.35000610351562,188.7100067138672,188.7100067138672,81203000
532,2024-02-15T00:00:00.000,189.16000366210938,200.8800048828125,188.86000061035156,200.4499969482422,200.4499969482422,120831800
533,2024-02-16T00:00:00.000,202.05999755859375,203.1699981689453,197.39999389648438,199.9499969482422,199.9499969482422,111173600
534,2024-02-20T00:00:00.000,196.1300048828125,198.60000610351562,189.1300048828125,193.75999450683594,193.75999450683594,104545800
535,2024-02-21T00:00:00.000,193.36000061035156,199.44000244140625,191.9499969482422,194.77000427246094,194.77000427246094,103844000
536,2024-02-22T00:00:00.000,194,198.32000732421875,191.36000061035156,197.41000366210938,197.41000366210938,92739500
537,2024-02-23T00:00:00.000,195.30999755859375,197.57000732421875,191.5,191.97000122070312,191.97000122070312,78841900
538,2024-02-26T00:00:00.000,192.2899932861328,201.77999877929688,192,199.39999389648438,199.39999389648438,111747100
539,2024-02-27T00:00:00.000,204.0399932861328,205.60000610351562,198.25999450683594,199.72999572753906,199.72999572753906,108645400
540,2024-02-28T00:00:00.000,200.4199981689453,205.3000030517578,198.44000244140625,202.0399932861328,202.0399932861328,99806200
541,2024-02-29T00:00:00.000,204.17999267578125,205.27999877929688,198.4499969482422,201.8800048828125,201.8800048828125,85907000
542,2024-03-01T00:00:00.000,200.52000427246094,204.52000427246094,198.5,202.63999938964844,202.63999938964844,82099200
543,2024-03-04T00:00:00.000,198.72999572753906,199.75,186.72000122070312,188.13999938964844,188.13999938964844,134334900
544,2024-03-05T00:00:00.000,183.0500030517578,184.58999633789062,177.57000732421875,180.74000549316406,180.74000549316406,119660800
545,2024-03-06T00:00:00.000,179.99000549316406,181.5800018310547,173.6999969482422,176.5399932861328,176.5399932861328,107920900
546,2024-03-07T00:00:00.000,174.35000610351562,180.0399932861328,173.6999969482422,178.64999389648438,178.64999389648438,102129000
547,2024-03-08T00:00:00.000,181.5,182.72999572753906,174.6999969482422,175.33999633789062,175.33999633789062,85315300
548,2024-03-11T00:00:00.000,175.4499969482422,182.8699951171875,174.8000030517578,177.77000427246094,177.77000427246094,85391500
549,2024-03-12T00:00:00.000,177.77000427246094,179.42999267578125,172.41000366210938,177.5399932861328,177.5399932861328,87391700
550,2024-03-13T00:00:00.000,173.0500030517578,176.0500030517578,169.14999389648438,169.47999572753906,169.47999572753906,106524500
551,2024-03-14T00:00:00.000,167.77000427246094,171.1699981689453,160.50999450683594,162.5,162.5,126325700
552,2024-03-15T00:00:00.000,163.16000366210938,165.17999267578125,160.75999450683594,163.57000732421875,163.57000732421875,96971900
553,2024-03-18T00:00:00.000,170.02000427246094,174.72000122070312,165.89999389648438,173.8000030517578,173.8000030517578,107945600
